{
  "n_rows": 256,
  "prompt_chars": {
    "min": 453.0,
    "p50": 493.0,
    "p90": 513.0,
    "max": 533.0,
    "mean": 493.4296875
  },
  "answer_chars": {
    "min": 409.0,
    "p50": 481.0,
    "p90": 527.0,
    "max": 580.0,
    "mean": 480.84765625
  },
  "prompt_tokens": {
    "min": 115.0,
    "p50": 120.0,
    "p90": 123.0,
    "max": 127.0,
    "mean": 120.2421875
  },
  "answer_tokens": {
    "min": 91.0,
    "p50": 106.0,
    "p90": 114.0,
    "max": 121.0,
    "mean": 105.46875
  }
}